PWM,Velocity (m/s),Speed (RPS),Speed (RPM)
50,0.8977306670527807,1.171133387103562,70.26800322621372
100,1.917999182076547,2.502123366177825,150.1274019706695
150,2.9312799823839946,3.823997531006038,229.4398518603623
200,3.8700254671104624,5.048636745755339,302.91820474532034
250,4.752113797546237,6.199363942743294,371.96183656459766
