PWM,Velocity (m/s),Speed (RPS),Speed (RPM)
255,4.845462390880768,6.321141730119245,379.2685038071547
