{
    "config": {
        "motor_model": "JGA25-371",
        "motor_sku": "gs20179-01",
        "rated_voltage": 12.0,
        "rated_rpm": 1000,
        "test_voltage": 12.0,
        "gear_ratio": 4.64,
        "output_rpm": 215.51724137931035,
        "encoder_ppr": 11,
        "encoder_cpr": 204.19,
        "wiring": {
            "encoder_a": "Yellow",
            "encoder_b": "Green"
        },
        "wheel_diameter": 0.244,
        "wheel_circumference": 0.7665486074759095,
        "test_duration": 3.0,
        "sample_time": 0.02,
        "pwm_range": [
            255
        ]
    },
    "test_data": [
        {
            "pwm": 255,
            "steady_values": {
                "velocity_mps": 4.845462390880768,
                "rps": 6.321141730119245,
                "rpm": 379.2685038071547
            },
            "data": {
                "times": [
                    0.0,
                    0.06648731231689453,
                    0.08753800392150879,
                    0.10857462882995605,
                    0.12948942184448242,
                    0.150437593460083,
                    0.17143535614013672,
                    0.19253110885620117,
                    0.21340060234069824,
                    0.2343742847442627,
                    0.2554759979248047,
                    0.27661991119384766,
                    0.29744720458984375,
                    0.31865739822387695,
                    0.33959460258483887,
                    0.360684871673584,
                    0.3815035820007324,
                    0.40266919136047363,
                    0.4235413074493408,
                    0.4446372985839844,
                    0.4656178951263428,
                    0.48662376403808594,
                    0.5074384212493896,
                    0.5286865234375,
                    0.5495939254760742,
                    0.5706779956817627,
                    0.591559648513794,
                    0.6125202178955078,
                    0.6335341930389404,
                    0.6545169353485107,
                    0.6755039691925049,
                    0.696692705154419,
                    0.7175180912017822,
                    0.7386982440948486,
                    0.7594730854034424,
                    0.7805600166320801,
                    0.801511287689209,
                    0.8225951194763184,
                    0.8434512615203857,
                    0.8643922805786133,
                    0.8854928016662598,
                    0.906451940536499,
                    0.9275362491607666,
                    0.9486219882965088,
                    0.9694967269897461,
                    0.9905638694763184,
                    1.011462926864624,
                    1.0326368808746338,
                    1.0537073612213135,
                    1.0746326446533203,
                    1.0954434871673584,
                    1.1163733005523682,
                    1.1375834941864014,
                    1.1584463119506836,
                    1.179452657699585,
                    1.2004618644714355,
                    1.2214634418487549,
                    1.242541790008545,
                    1.2635018825531006,
                    1.2845473289489746,
                    1.3056237697601318,
                    1.3264753818511963,
                    1.3474860191345215,
                    1.3685619831085205,
                    1.3894414901733398,
                    1.410473108291626,
                    1.4316270351409912,
                    1.4526689052581787,
                    1.4735379219055176,
                    1.494696855545044,
                    1.5156443119049072,
                    1.5366544723510742,
                    1.5574495792388916,
                    1.5787250995635986,
                    1.5995712280273438,
                    1.6205673217773438,
                    1.6414775848388672,
                    1.6626851558685303,
                    1.6835505962371826,
                    1.704671859741211,
                    1.7256758213043213,
                    1.746598243713379,
                    1.767662525177002,
                    1.7887048721313477,
                    1.8096091747283936,
                    1.8306083679199219,
                    1.8516931533813477,
                    1.872647762298584,
                    1.8937313556671143,
                    1.9146881103515625,
                    1.935612440109253,
                    1.9566457271575928,
                    1.9776883125305176,
                    1.9986906051635742,
                    2.019620180130005,
                    2.040729284286499,
                    2.0617144107818604,
                    2.0824437141418457,
                    2.1036808490753174,
                    2.1246557235717773,
                    2.145660877227783,
                    2.166656970977783,
                    2.187678337097168,
                    2.208573579788208,
                    2.229729652404785,
                    2.2506024837493896,
                    2.2716734409332275,
                    2.292593002319336,
                    2.3136985301971436,
                    2.3345065116882324,
                    2.3555262088775635,
                    2.3766720294952393,
                    2.3976824283599854,
                    2.418668270111084,
                    2.4397192001342773,
                    2.4605798721313477,
                    2.4815633296966553,
                    2.502570390701294,
                    2.5237088203430176,
                    2.544539451599121,
                    2.5656139850616455,
                    2.5866613388061523,
                    2.607609748840332,
                    2.6286683082580566,
                    2.649637460708618,
                    2.670677661895752,
                    2.691607713699341,
                    2.7125864028930664,
                    2.7336173057556152,
                    2.7545504570007324,
                    2.775576591491699,
                    2.7965753078460693,
                    2.817673921585083,
                    2.8385605812072754,
                    2.8596904277801514,
                    2.8803768157958984,
                    2.901573657989502,
                    2.9225008487701416,
                    2.9435367584228516,
                    2.9644341468811035,
                    2.9856793880462646
                ],