PID Type,Steady Velocity (m/s),RMSE,MAE,Alpha
p,1.5271003136305181,1.5365172422875557,1.5126835693701783,0.3
pi,2.9947909895435507,0.6152015327484633,0.30205554927945016,0.4
pid,2.9980780278890022,0.5247245921965566,0.17004954150066787,0.4
