PID Type,Steady Velocity (m/s),RMSE,MAE,Alpha
p,1.5198127390362897,1.54577458385187,1.522144886569438,0.3
pi,2.9989462251422854,0.619488365104992,0.30631804051009015,0.4
pid,3.0022383695480777,0.5396093428295328,0.1904822866042436,0.2
