PID Type,Steady Velocity (m/s),RMSE,MAE,Alpha
p,1.519527440757258,1.5409972294489134,1.5176480607498126,0.3
pi,2.997778666679487,0.6120200585728571,0.300436763564085,0.4
pid,3.002173027262311,0.5108538620623196,0.157266467781838,0.2
