PID Type,Steady Velocity (m/s),RMSE,MAE,Alpha
p,1.5008988852279987,1.5659914679088964,1.5438689440072566,0.3
pi,2.9983813625457802,0.6263171115238778,0.31149086137391885,0.4
pid,2.9982445803090907,0.5296514375692083,0.17050088029607596,0.3
