PID Type,Steady Velocity (m/s),RMSE,MAE,Alpha
p,1.5304724564303518,1.5112869862274034,1.4897533422430045,0.3
pi,2.996445126733193,0.5684296739833021,0.32451900254707694,0.4
pid,3.000728506955383,0.46132697393211164,0.20220581223620804,0.3
