PID Type,Steady Velocity (m/s),RMSE,MAE,Alpha
p,1.5269523672136476,1.537445367146257,1.5138316126310412,0.3
pi,2.995050876867271,0.6174221339853515,0.30722924586146144,0.4
pid,3.0020840364672323,0.5245567168309999,0.1680249124419914,0.1
