PID Type,Steady Velocity (m/s),RMSE,MAE,Alpha
p,1.5192960735013668,1.5397691946002232,1.5164741150991041,0.3
pi,2.9940947253504073,0.6158712690258143,0.3023925400162319,0.4
pid,2.998596523485219,0.519928689882266,0.16368092366571568,0.2
