PID Type,Steady Velocity (m/s),RMSE,MAE,Alpha
p,1.5271086935926075,1.5361674064302777,1.5126557608233702,0.3
pi,2.997777096380125,0.6140015598576025,0.30014120607048306,0.4
pid,3.0019517453795737,0.5286672156390295,0.17189059997746906,0.3
