PID Type,Steady Velocity (m/s),RMSE,MAE,Alpha
p,1.5234183546972424,1.5401299600762623,1.5164102603105833,0.3
pi,2.9942110125931936,0.6162240120168442,0.3045288669395326,0.4
pid,3.002262963274614,0.5093992138938855,0.15649526904515676,0.2
