PID Type,Steady Velocity (m/s),RMSE,MAE,Alpha
p,1.5232200168477694,1.5396770527122927,1.5160768023306923,0.3
pi,2.9977387313286243,0.6142976747645545,0.3005360169644078,0.4
pid,2.9980272396297245,0.5296118323137112,0.17279329897658272,0.3
