PID Type,Steady Velocity (m/s),RMSE,MAE,Alpha
p,1.519443631031698,1.5432897415235236,1.52009387307315,0.3
pi,2.9943261003404866,0.6151139839175446,0.3021429116641387,0.4
pid,3.001989939460627,0.5348606813632639,0.19973145429815922,0.2
