PID Type,Steady Velocity (m/s),RMSE,MAE,Alpha
p,1.5199363493452802,1.5463628499055517,1.52121833603475,0.3
pi,2.9944528268300155,0.6174439705885392,0.30455356123027294,0.4
pid,2.9981509536769657,0.5159856695591029,0.1716430252807778,0.2
