PID Type,Steady Velocity (m/s),RMSE,MAE,Alpha
p,1.5230121531274816,1.5411767230911846,1.5176516373295377,0.3
pi,2.998655724620702,0.6148665996723744,0.3023219011906411,0.4
pid,2.998350320979936,0.5072831470507294,0.14895354263886756,0.2
