PID Type,Steady Velocity (m/s),RMSE,MAE,Alpha
p,1.5234423521746656,1.540894967306046,1.5174891541730895,0.3
pi,2.998037872125746,0.6158989348726762,0.3020192112920676,0.4
pid,2.9867627181795857,0.642215945024488,0.4065867824949447,0.2
