PID Type,Steady Velocity (m/s),RMSE,MAE,Alpha
p,1.5270804759264005,1.5365061073851554,1.5126518892363212,0.3
pi,2.997912220562194,0.6123744194273617,0.29826762622820197,0.4
pid,3.0020364376035196,0.5267966701212247,0.16701407970769694,0.3
