PID Type,Steady Velocity (m/s),RMSE,MAE,Alpha
p,1.5195991397817028,1.542599338605748,1.5188364744687424,0.3
pi,2.993859814105475,0.6173583335262613,0.3026728540583017,0.4
pid,3.0022750412551376,0.5110444586621411,0.1596942656669199,0.2
